t_epoch,t_s,load1,age_xid,wal_bytes,arena_outstanding,arena_allocs,arena_frees,arena_bump,arena_freelist,trx_committed,pool_state_rows,pool_lock_rows,ckpt_timed,ckpt_req,ckpt_buffers,bgw_clean,bgw_alloc
1783682529,0,0.93,55032158,1157724183328,81,192179,192098,4645264,50701,63750,488,488,85,49,473762,0,823253
1783682534,5,0.94,55034886,1157727212056,63,199959,199896,4645264,50719,66282,489,489,85,49,473762,0,823465
1783682539,10,1.02,55037647,1157730256856,57,207838,207781,4645264,50725,68843,489,489,85,49,473762,0,823596
1783682544,15,1.16,55040426,1157733337088,36,215771,215735,4645264,50746,71427,490,490,85,49,473762,0,823845
1783682549,20,1.15,55043203,1157736463520,122,223659,223537,4645264,50660,73961,490,490,85,49,473762,0,824075
1783682554,25,1.06,55046078,1157739668760,18,231874,231856,4645264,50764,76666,491,491,85,49,473762,0,824220
1783682559,30,0.97,55048827,1157742626592,119,239723,239604,4645264,50663,79182,493,493,85,49,473762,0,824349
1783682564,35,0.97,55051537,1157745612448,66,247443,247377,4645264,50716,81705,494,494,85,49,473762,0,824479
1783682570,41,0.89,55054250,1157748616040,107,255184,255077,4645264,50675,84205,495,495,85,49,473762,0,824632
1783682575,46,0.98,55056940,1157751541080,125,262850,262725,4645264,50657,86687,495,495,85,49,473762,0,824765
1783682580,51,0.90,55059710,1157754590168,149,270735,270586,4645264,50633,89270,495,495,85,49,473762,0,824892
1783682585,56,0.83,55062425,1157757537136,125,278485,278360,4645264,50657,91764,496,496,85,49,473762,0,825028
1783682590,61,0.85,55065154,1157760517368,146,286265,286119,4645264,50636,94283,497,497,85,49,473762,0,825161
1783682595,66,0.86,55067837,1157763460840,107,293910,293803,4645264,50675,96777,497,497,85,49,473762,0,825286
1783682600,71,0.79,55070594,1157766471800,92,301777,301685,4645264,50690,99337,497,497,85,49,473762,0,825427
1783682605,76,0.73,55073226,1157769344768,104,309269,309165,4645264,50678,101763,497,497,85,49,473762,0,825557
1783682610,81,0.75,55075971,1157772337000,113,317085,316972,4645264,50669,104298,497,497,85,49,473762,0,825699
1783682615,86,0.69,55078638,1157775255784,71,324682,324611,4645264,50711,106777,497,497,85,49,473762,0,825823
1783682620,91,0.71,55081333,1157778171040,161,332367,332206,4645264,50621,109263,497,497,85,49,473762,0,825952
1783682625,96,0.66,55084116,1157781240264,45,340306,340261,4645264,50737,111859,497,497,85,49,473762,0,826088
1783682630,101,0.84,55086882,1157784245032,92,348202,348110,4645264,50690,114408,498,498,85,49,473762,0,826212
1783682635,106,0.94,55089698,1157787326104,86,356246,356160,4645264,50696,117024,498,498,85,49,473762,0,826356
1783682641,112,1.82,55092497,1157790397072,57,364222,364165,4645264,50725,119625,498,498,85,49,473762,0,826501
1783682646,117,1.84,55095290,1157793457312,51,372197,372146,4645264,50731,122218,498,498,85,49,473762,0,826633
1783682651,122,1.85,55098005,1157796424800,51,379938,379887,4645264,50731,124731,499,499,85,49,473762,0,826766
1783682656,127,1.70,55100728,1157799399984,65,387709,387644,4645264,50717,127266,499,499,85,49,473762,0,826898
1783682661,132,1.65,55103422,1157802328368,92,395387,395295,4645264,50690,129733,499,499,85,49,473762,0,827026
1783682666,137,1.59,55106209,1157805371304,74,403344,403270,4645264,50708,132324,499,499,85,49,473762,0,827163
1783682671,142,1.55,55109051,1157808490480,71,411451,411380,4645264,50711,134960,499,499,85,49,473762,0,827307
1783682676,147,1.42,55111749,1157811430824,54,419139,419085,4645264,50728,137461,499,499,85,49,473762,0,827440
1783682681,152,2.35,55114502,1157814448808,48,426994,426946,4645264,50734,140014,499,499,85,49,473762,0,827572
1783682686,157,2.16,55117295,1157817480080,140,434965,434825,4645264,50642,142598,499,499,85,49,473762,0,827700
1783682691,162,2.07,55120080,1157820536936,69,442916,442847,4645264,50713,145179,499,499,85,49,473762,0,827836
1783682696,167,2.38,55122747,1157823440440,66,450513,450447,4645264,50716,147645,499,499,85,49,473762,0,827962
1783682701,172,2.19,55125510,1157826477960,95,458385,458290,4645264,50687,150192,499,499,85,49,473762,0,828115
1783682706,177,2.02,55128242,1157829450104,120,466175,466055,4645264,50662,152713,499,499,85,49,473762,0,828249
1783682712,183,1.85,55131013,1157832496824,48,474084,474036,4645264,50734,155306,499,499,85,49,473762,0,828384
1783682717,188,1.70,55133660,1157835383072,33,481621,481588,4645264,50749,157756,499,499,85,49,473762,0,828507
1783682722,193,1.73,55136389,1157838318736,131,489410,489279,4645264,50651,160253,499,499,85,49,473762,0,828637
1783682727,198,1.59,55139188,1157841370280,134,497403,497269,4645264,50648,162849,500,500,85,49,473762,0,828766
1783682732,203,1.54,55141854,1157844310744,33,504976,504943,4645264,50749,165339,500,500,85,49,473762,0,828895
1783682737,208,1.50,55144583,1157847254328,149,512765,512616,4645264,50633,167830,500,500,85,49,473762,0,829035
1783682742,213,1.38,55147316,1157850252944,125,520560,520435,4645264,50657,170369,500,500,85,49,473762,0,829165
1783682747,218,2.07,55150035,1157853256640,54,528307,528253,4645264,50728,172907,500,500,85,49,473762,0,829299
1783682752,223,1.98,55152812,1157856280744,149,536234,536085,4645264,50633,175487,500,500,85,49,473762,0,829436
1783682757,228,1.82,55155583,1157859338912,27,544143,544116,4645264,50755,178060,500,500,85,49,473762,0,829569
1783682762,233,1.76,55158289,1157862241560,125,551848,551723,4645264,50657,180529,500,500,85,49,473762,0,829696
1783682767,238,1.62,55161056,1157865295616,15,559739,559724,4645264,50767,183128,500,500,85,49,473762,0,829830
1783682772,243,1.49,55163842,1157868324336,95,567699,567604,4645264,50687,185688,500,500,85,49,473762,0,829974
1783682777,248,2.65,55166545,1157871273584,77,575404,575327,4645264,50705,188195,500,500,85,49,473762,0,830103
1783682782,253,2.68,55169344,1157874330528,72,583395,583323,4645264,50710,190793,500,500,85,49,473762,0,830233
1783682788,259,2.46,55172036,1157877276904,51,591067,591016,4645264,50731,193290,500,500,85,49,473762,0,830371
1783682793,264,2.27,55174765,1157880242992,48,598835,598787,4645264,50734,195813,500,500,85,49,473762,0,830501
1783682798,269,2.08,55177407,1157883130096,21,606357,606336,4645264,50761,198262,500,500,85,49,473762,0,830626
1783682803,274,2.00,55180086,1157886056128,101,613990,613889,4645264,50681,200740,500,500,85,49,473762,0,830760
1783682808,279,1.84,55182871,1157889068312,107,621947,621840,4645264,50675,203296,500,500,85,49,473762,0,830894
1783682813,284,1.85,55185647,1157892104792,80,629871,629791,4645264,50702,205879,500,500,85,49,473762,0,831028
1783682818,289,1.70,55188435,1157895154280,53,637816,637763,4645264,50729,208469,500,500,85,49,473762,0,831165
1783682823,294,1.64,55191154,1157898090016,170,645567,645397,4645264,50612,210972,500,500,85,49,473762,0,831295
1783682828,299,1.51,55193940,1157901184624,33,653521,653488,4645264,50749,213576,500,500,85,49,473762,0,831433
1783682833,304,1.39,55196736,1157904212040,98,661511,661413,4645264,50684,216151,500,500,85,49,473762,0,831570
1783682838,309,1.28,55199489,1157907215336,104,669366,669262,4645264,50678,218700,500,500,85,49,473762,0,831705
1783682843,314,1.18,55202196,1157910192088,66,677081,677015,4645264,50716,221217,500,500,85,49,473762,0,831838
1783682848,319,1.40,55204959,1157913179424,110,684953,684843,4645264,50672,223759,500,500,85,49,473762,0,831970
1783682853,324,1.29,55207621,1157916090112,74,692535,692461,4645264,50708,226231,500,500,85,49,473762,0,832099
1783682858,329,1.27,55210415,1157919126600,92,700507,700415,4645264,50690,228837,500,500,85,49,473762,0,832227
1783682863,334,1.25,55213094,1157922071728,18,708140,708122,4645264,50764,231316,500,500,85,49,473762,0,832356
1783682869,340,1.15,55215913,1157925139240,69,716197,716128,4645264,50713,233918,500,500,85,49,473762,0,832501
1783682874,345,1.29,55218670,1157928165912,48,724064,724016,4645264,50734,236480,500,500,85,49,473762,0,832635
1783682879,350,1.19,55221457,1157931218984,42,732006,731964,4645264,50740,239062,500,500,85,49,473762,0,832767
1783682884,355,1.09,55224257,1157934258848,54,740002,739948,4645264,50728,241656,500,500,85,49,473762,0,832900
1783682889,360,1.01,55227023,1157937247336,161,747896,747735,4645264,50621,244221,500,500,85,49,473762,0,833039
1783682894,365,0.93,55229718,1157940217904,86,755583,755497,4645264,50696,246705,500,500,85,49,473762,0,833165
1783682899,370,0.85,55232535,1157943311368,50,763630,763580,4645264,50732,249332,500,500,85,49,473762,0,833301
1783682904,375,0.78,55235263,1157946293576,62,771410,771348,4645264,50720,251854,500,500,85,49,473762,0,833442
1783682909,380,0.80,55238050,1157949344160,66,779350,779284,4645264,50716,254432,500,500,85,49,473762,0,833578
1783682914,385,0.90,55240829,1157952362624,140,787289,787149,4645264,50642,256987,500,500,85,49,473762,0,833713
1783682919,390,0.82,55243486,1157955275792,104,794856,794752,4645264,50678,259454,500,500,85,49,473762,0,833843
1783682924,395,0.84,55246137,1157958162224,98,802405,802307,4645264,50684,261905,500,500,85,49,473762,0,833973
1783682929,400,0.78,55248868,1157961151800,80,810194,810114,4645264,50702,264440,500,500,85,49,473762,0,834110
1783682934,405,0.80,55251565,1157964074392,98,817881,817783,4645264,50684,266929,500,500,85,49,473762,0,834230
1783682939,410,1.62,55254297,1157967055312,89,825658,825569,4645264,50693,269457,500,500,85,49,473762,0,834372
1783682945,416,1.49,55257062,1157970074936,60,833543,833483,4645264,50722,272027,500,500,85,49,473762,0,834504
1783682950,421,1.37,55259770,1157973037032,45,841263,841218,4645264,50737,274538,500,500,85,49,473762,0,834641
1783682955,426,1.26,55262490,1157976012040,80,849021,848941,4645264,50702,277045,500,500,85,49,473762,0,834768
1783682960,431,1.16,55265207,1157978976496,72,856766,856694,4645264,50710,279562,500,500,85,49,473762,0,834898
1783682965,436,1.14,55267913,1157981892488,155,864486,864331,4645264,50627,282066,500,500,85,49,473762,0,835032
1783682970,441,1.05,55270620,1157984891624,24,872182,872158,4645264,50758,284582,500,500,85,49,473762,0,835163
1783682975,446,1.05,55273405,1157987946904,36,880133,880097,4645264,50746,287161,500,500,85,49,473762,0,835304
1783682980,451,0.96,55276222,1157990996576,92,888186,888094,4645264,50690,289760,500,500,85,49,473762,0,835434
1783682985,456,0.89,55278971,1157993999696,92,896029,895937,4645264,50690,292307,500,500,85,49,473762,0,835569
1783682990,461,0.98,55281714,1157996989232,98,903854,903756,4645264,50684,294846,500,500,85,49,473762,0,835702
1783682995,466,0.90,55284430,1157999947472,128,911598,911470,4645264,50654,297350,500,500,85,49,473762,0,835835
1783683000,471,0.83,55287144,1158002932232,54,919315,919261,4645264,50728,299879,500,500,85,49,473762,0,835967
1783683005,476,0.84,55289868,1158005907136,39,927083,927044,4645264,50743,302406,500,500,85,49,473762,0,836101
1783683010,481,0.85,55292627,1158008871840,125,934956,934831,4645264,50657,304962,500,500,85,49,473762,0,836227
1783683016,487,0.78,55295406,1158011898056,113,942895,942782,4645264,50669,307518,500,500,85,49,473762,0,836366
1783683021,492,0.88,55298192,1158014941680,113,950849,950736,4645264,50669,310102,500,500,85,49,473762,0,836508
1783683026,497,0.81,55301000,1158018031200,36,958863,958827,4645264,50746,312731,500,500,85,49,473762,0,836638
1783683031,502,0.83,55303696,1158020926728,110,966538,966428,4645264,50672,315198,500,500,85,49,473762,0,836765
1783683036,507,0.84,55306495,1158023991016,95,974531,974436,4645264,50687,317800,500,500,85,49,473762,0,836900
1783683041,512,0.85,55309285,1158027045456,74,982497,982423,4645264,50708,320395,500,500,85,49,473762,0,837039
1783683046,517,0.87,55312031,1158030038640,89,990331,990242,4645264,50693,322934,500,500,85,49,473762,0,837173
1783683051,522,0.80,55314770,1158033060416,51,998142,998091,4645264,50731,325483,500,500,85,49,473762,0,837306
1783683056,527,0.73,55317473,1158036008384,60,1005847,1005787,4645264,50722,327981,500,500,85,49,473762,0,837434
1783683061,532,0.67,55320193,1158038948256,98,1013594,1013496,4645264,50684,330484,500,500,85,49,473762,0,837564
1783683066,537,0.70,55322883,1158041878944,86,1021260,1021174,4645264,50696,332976,500,500,85,49,473762,0,837695
1783683071,542,0.64,55325608,1158044868576,66,1029025,1028959,4645264,50716,335503,500,500,85,49,473762,0,837833
1783683076,547,0.59,55328352,1158047885016,15,1036853,1036838,4645264,50767,338062,500,500,85,49,473762,0,837968
1783683081,552,0.62,55331036,1158050778960,104,1044507,1044403,4645264,50678,340517,500,500,85,49,473762,0,838097
1783683086,557,0.57,55333832,1158053831688,92,1052491,1052399,4645264,50690,343115,500,500,85,49,473762,0,838230
1783683092,563,0.53,55336624,1158056868944,119,1060448,1060329,4645264,50663,345691,500,500,85,49,473762,0,838357
1783683097,568,0.49,55339308,1158059792784,107,1068094,1067987,4645264,50675,348195,500,500,85,49,473762,0,838490
1783683102,573,0.61,55342162,1158062915464,116,1076254,1076138,4645264,50666,350826,500,500,85,49,473762,0,838625
1783683107,578,0.56,55344922,1158065941920,86,1084130,1084044,4645264,50696,353394,500,500,85,49,473762,0,838766
1783683112,583,0.59,55347716,1158068986984,98,1092108,1092010,4645264,50684,355982,500,500,85,49,473762,0,838902
1783683117,588,0.63,55350388,1158071908944,77,1099720,1099643,4645264,50705,358459,500,500,85,49,473762,0,839033
1783683122,593,0.58,55353119,1158074895936,89,1107494,1107405,4645264,50693,360979,500,500,85,49,473762,0,839168
1783683127,598,0.53,55355895,1158077937848,96,1115416,1115320,4645264,50686,363550,500,500,85,49,473762,0,839308
1783683132,603,0.57,55358675,1158080999160,51,1123352,1123301,4645264,50731,366143,500,500,85,49,473762,0,839444
1783683137,608,0.52,55361406,1158083973776,66,1131141,1131075,4645264,50716,368667,500,500,85,49,473762,0,839569
1783683142,613,0.48,55364129,1158086954488,54,1138906,1138852,4645264,50728,371192,500,500,85,49,473762,0,839704
1783683147,618,0.60,55366826,1158089879128,122,1146599,1146477,4645264,50660,373667,500,500,85,49,473762,0,839839
1783683152,623,0.55,55369521,1158092813736,101,1154265,1154164,4645264,50681,376162,500,500,85,49,473762,0,839967
1783683157,628,0.51,55372352,1158095907472,107,1162354,1162247,4645264,50675,378789,500,500,85,49,473762,0,840099
1783683162,633,0.87,55375127,1158098936776,113,1170275,1170162,4645264,50669,381360,500,500,85,49,473762,0,840237
1783683168,639,0.88,55377868,1158101929488,119,1178094,1177975,4645264,50663,383897,500,500,85,49,473762,0,840370
1783683173,644,0.97,55380604,1158104952792,36,1185892,1185856,4645264,50746,386456,500,500,85,49,473762,0,840503
1783683178,649,0.89,55383328,1158107908840,45,1193660,1193615,4645264,50737,388975,500,500,85,49,473762,0,840639
1783683183,654,0.98,55386072,1158110911816,54,1201473,1201419,4645264,50728,391509,500,500,85,49,473762,0,840773
1783683188,659,0.90,55388763,1158113847120,116,1209142,1209026,4645264,50666,394002,500,500,85,49,473762,0,840899
1783683193,664,0.83,55391530,1158116844320,110,1217045,1216935,4645264,50672,396547,500,500,85,49,473762,0,841034
1783683198,669,0.76,55394176,1158119724088,125,1224579,1224454,4645264,50657,398986,500,500,85,49,473762,0,841160
1783683203,674,0.78,55396877,1158122680200,101,1232278,1232177,4645264,50681,401493,500,500,85,49,473762,0,841290
1783683208,679,0.88,55399654,1158125711032,98,1240190,1240092,4645264,50684,404064,500,500,85,49,473762,0,841435
1783683213,684,1.21,55402378,1158128682032,95,1247958,1247863,4645264,50687,406587,500,500,85,49,473762,0,841562
1783683218,689,1.27,55405182,1158131751496,24,1255960,1255936,4645264,50758,409210,500,500,85,49,473762,0,841691
1783683223,694,1.17,55407912,1158134691016,140,1263752,1263612,4645264,50642,411702,500,500,85,49,473762,0,841831
1783683228,699,1.08,55410664,1158137688848,131,1271604,1271473,4645264,50651,414255,500,500,85,49,473762,0,841960
1783683233,704,0.99,55413381,1158140652432,128,1279351,1279223,4645264,50654,416771,500,500,85,49,473762,0,842090
1783683239,710,0.91,55416225,1158143767416,87,1287461,1287374,4645264,50695,419420,500,500,85,49,473762,0,842230
1783683244,715,0.84,55419011,1158146792264,125,1295414,1295289,4645264,50657,421991,500,500,85,49,473762,0,842366
1783683249,720,0.77,55421769,1158149810872,110,1303284,1303174,4645264,50672,424552,500,500,85,49,473762,0,842502
1783683254,725,0.71,55424524,1158152797392,122,1311145,1311023,4645264,50660,427101,500,500,85,49,473762,0,842630
1783683259,730,0.65,55427236,1158155786384,27,1318871,1318844,4645264,50755,429640,500,500,85,49,473762,0,842764
1783683264,735,0.60,55429947,1158158702424,125,1326606,1326481,4645264,50657,432119,500,500,85,49,473762,0,842894
1783683269,740,0.55,55432830,1158161863568,83,1334832,1334749,4645264,50699,434807,500,500,85,49,473762,0,843033
1783683274,745,0.91,55435679,1158164985648,36,1342965,1342929,4645264,50746,437465,500,500,85,49,473762,0,843174
1783683279,750,1.80,55438343,1158167870376,53,1350555,1350502,4645264,50729,439922,500,500,85,49,473762,0,843299
1783683284,755,2.04,55441101,1158170872592,110,1358425,1358315,4645264,50672,442459,500,500,85,49,473762,0,843438
1783683289,760,2.44,55443846,1158173890136,122,1366250,1366128,4645264,50660,445026,500,500,85,49,473762,0,843566
1783683295,766,2.40,55446618,1158176906120,95,1374168,1374073,4645264,50687,447577,500,500,85,49,473762,0,843700
1783683300,771,2.61,55449381,1158179926048,92,1382038,1381946,4645264,50690,450134,500,500,85,49,473762,0,843834
1783683305,776,2.40,55452107,1158182930560,12,1389806,1389794,4645264,50770,452682,500,500,85,49,473762,0,843967
1783683310,781,2.85,55454935,1158186024056,47,1397892,1397845,4645264,50735,455299,500,500,85,49,473762,0,844109
1783683315,786,2.78,55457618,1158188919168,87,1405535,1405448,4645264,50695,457766,500,500,85,49,473762,0,844242
1783683320,791,2.64,55460274,1158191817232,69,1413099,1413030,4645264,50713,460226,500,500,85,49,473762,0,844365
1783683325,796,2.43,55463079,1158194889320,75,1421110,1421035,4645264,50707,462827,500,500,85,49,473762,0,844507
1783683330,801,2.23,55465854,1158197886080,122,1429022,1428900,4645264,50660,465382,500,500,85,49,473762,0,844636
1783683335,806,2.05,55468690,1158201013032,51,1437120,1437069,4645264,50731,468037,500,500,85,49,473762,0,844777
1783683340,811,1.89,55471420,1158204000592,51,1444906,1444855,4645264,50731,470565,500,500,85,49,473762,0,844910
1783683345,816,1.82,55474248,1158207059384,158,1452992,1452834,4645264,50624,473158,500,500,85,49,473762,0,845052
1783683350,821,1.75,55476971,1158210064592,30,1460751,1460721,4645264,50752,475719,500,500,85,49,473762,0,845181
1783683355,826,1.61,55479702,1158213030848,45,1468540,1468495,4645264,50737,478243,500,500,85,49,473762,0,845312
1783683360,831,1.48,55482453,1158216009904,116,1476374,1476258,4645264,50666,480780,500,500,85,49,473762,0,845443
1783683365,836,1.44,55485171,1158218973408,125,1484130,1484005,4645264,50657,483279,500,500,85,49,473762,0,845582
1783683371,842,1.33,55487774,1158221798136,113,1491535,1491422,4645264,50669,485684,500,500,85,49,473762,0,845705
1783683376,847,1.38,55490509,1158224805872,71,1499336,1499265,4645264,50711,488231,500,500,85,49,473762,0,845837
1783683381,852,1.27,55493270,1158227812680,95,1507215,1507120,4645264,50687,490782,500,500,85,49,473762,0,845973
1783683386,857,1.17,55496063,1158230883400,3,1515184,1515181,4645264,50779,493401,500,500,85,49,473762,0,846103
1783683391,862,1.24,55498824,1158233856048,95,1523054,1522959,4645264,50687,495927,500,500,85,49,473762,0,846233
1783683396,867,1.14,55501612,1158236916544,134,1531008,1530874,4645264,50648,498527,500,500,85,49,473762,0,846369
1783683401,872,1.13,55504289,1158239831656,83,1538641,1538558,4645264,50699,500992,500,500,85,49,473762,0,846500
1783683406,877,1.20,55507099,1158242887256,101,1546667,1546566,4645264,50681,503594,500,500,85,49,473762,0,846639
1783683411,882,1.10,55509846,1158245879032,128,1554508,1554380,4645264,50654,506132,500,500,85,49,473762,0,846773
1783683416,887,1.17,55512547,1158248863232,42,1562201,1562159,4645264,50740,508657,500,500,85,49,473762,0,846907
1783683421,892,1.08,55515226,1158252472616,89,1569818,1569729,4645264,50693,511113,500,500,86,49,473889,0,847032
1783683426,897,1.15,55517932,1158255463096,137,1577532,1577395,4645264,50645,513601,500,500,86,49,474056,0,847167
1783683431,902,1.78,55520641,1158258446048,104,1585255,1585151,4645264,50678,516119,500,500,86,49,474226,0,847298
1783683436,907,1.64,55523306,1158261358960,173,1592846,1592673,4645264,50609,518559,500,500,86,49,474396,0,847421
1783683442,913,1.51,55526053,1158264454512,27,1600677,1600650,4645264,50755,521150,500,500,86,49,474563,0,847563
1783683447,918,1.39,55528742,1158267427696,54,1608340,1608286,4645264,50728,523628,500,500,86,49,474733,0,847698
1783683452,923,1.27,55531521,1158270448600,36,1616258,1616222,4645264,50746,526206,500,500,86,49,474904,0,847820
1783683457,928,1.17,55534250,1158273454872,36,1624041,1624005,4645264,50746,528733,500,500,86,49,475071,0,847958
1783683462,933,1.08,55536866,1158276278112,101,1631491,1631390,4645264,50681,531128,500,500,86,49,475241,0,848087
1783683467,938,1.15,55539641,1158279317704,101,1639412,1639311,4645264,50681,533701,500,500,86,49,475408,0,848219
1783683472,943,1.70,55542407,1158282349344,98,1647306,1647208,4645264,50684,536266,500,500,86,49,475578,0,848359
1783683477,948,1.56,55545201,1158285439648,12,1655278,1655266,4645264,50770,538884,500,500,86,49,475749,0,848493
1783683482,953,1.44,55547933,1158288384568,98,1663061,1662963,4645264,50684,541383,500,500,86,49,475915,0,848618
1783683487,958,1.40,55550674,1158291392888,65,1670880,1670815,4645264,50717,543933,500,500,86,49,476086,0,848748
1783683492,963,1.29,55553390,1158294361072,80,1678624,1678544,4645264,50702,546442,500,500,86,49,476253,0,848883
1783683497,968,1.19,55556071,1158297298792,72,1686261,1686189,4645264,50710,548923,500,500,86,49,476423,0,849019
1783683502,973,1.09,55558845,1158300340024,45,1694179,1694134,4645264,50737,551504,500,500,86,49,476590,0,849153
1783683507,978,1.08,55561477,1158303205920,45,1701671,1701626,4645264,50737,553934,500,500,86,49,476760,0,849280
1783683512,983,1.00,55564234,1158306234904,24,1709523,1709499,4645264,50758,556491,500,500,86,49,476927,0,849419
1783683518,989,0.92,55566997,1158309212968,89,1717414,1717325,4645264,50693,559033,500,500,86,49,477098,0,849546
1783683523,994,0.84,55569741,1158312191432,101,1725242,1725141,4645264,50681,561571,500,500,86,49,477268,0,849678
1783683528,999,0.86,55572651,1158315383992,116,1733568,1733452,4645264,50666,564274,500,500,86,49,477435,0,849824
1783683533,1004,0.95,55575402,1158318391464,96,1741411,1741315,4645264,50686,566827,500,500,86,49,477605,0,849959
1783683538,1009,0.87,55578060,1158321286312,107,1748983,1748876,4645264,50675,569280,500,500,86,49,477775,0,850085
1783683543,1014,0.88,55580862,1158324345800,152,1756974,1756822,4645264,50630,571880,500,500,86,49,477942,0,850221
1783683548,1019,0.81,55583546,1158327296504,111,1764616,1764505,4645264,50671,574355,500,500,86,49,478113,0,850353
1783683553,1024,0.75,55586320,1158330340248,48,1772537,1772489,4645264,50734,576949,500,500,86,49,478283,0,850487
1783683558,1029,0.69,55589080,1158333331704,95,1780416,1780321,4645264,50687,579493,500,500,86,49,478450,0,850614
1783683563,1034,0.63,55591865,1158336370728,158,1788367,1788209,4645264,50624,582055,500,500,86,49,478620,0,850756
1783683568,1039,0.58,55594680,1158339466368,119,1796393,1796274,4645264,50663,584676,500,500,86,49,478787,0,850895
1783683573,1044,0.69,55597401,1158342455904,59,1804152,1804093,4645264,50723,587215,500,500,86,49,478958,0,851030
1783683578,1049,0.72,55600153,1158345465776,83,1812004,1811921,4645264,50699,589757,500,500,86,49,479128,0,851159
1783683583,1054,0.66,55602874,1158348419656,113,1819763,1819650,4645264,50669,592297,500,500,86,49,479295,0,851287
1783683589,1060,0.61,55605570,1158351366536,86,1827447,1827361,4645264,50696,594769,500,500,86,49,479465,0,851421
1783683594,1065,0.56,55608337,1158354423248,56,1835344,1835288,4645264,50726,597344,500,500,86,49,479632,0,851558
1783683599,1070,0.51,55611035,1158357384000,42,1843020,1842978,4645264,50740,599840,500,500,86,49,479802,0,851688
1783683604,1075,0.47,55613809,1158360366520,131,1850941,1850810,4645264,50651,602384,500,500,86,49,479969,0,851824
1783683609,1080,0.76,55616579,1158363408864,57,1858837,1858780,4645264,50725,604972,500,500,86,49,480143,0,851956
1783683614,1085,1.34,55619318,1158366399192,95,1866652,1866557,4645264,50687,607497,500,500,86,49,480313,0,852092
1783683619,1090,1.31,55621949,1158369255960,125,1874141,1874016,4645264,50657,609916,500,500,86,49,480480,0,852216
1783683624,1095,1.44,55624676,1158372228400,122,1881918,1881796,4645264,50660,612442,500,500,86,49,480651,0,852349
1783683629,1100,1.33,55627402,1158375214752,30,1889671,1889641,4645264,50752,614989,500,500,86,49,480821,0,852483
1783683634,1105,1.38,55630213,1158378256696,113,1897706,1897593,4645264,50669,617573,500,500,86,49,480988,0,852626
1783683639,1110,1.27,55632891,1158381226560,30,1905330,1905300,4645264,50752,620074,500,500,86,49,481158,0,852754
1783683644,1115,1.25,55635652,1158384201096,113,1913215,1913102,4645264,50669,622608,500,500,86,49,481325,0,852885
1783683649,1120,1.37,55638372,1158387170312,101,1920971,1920870,4645264,50681,625130,500,500,86,49,481495,0,853012
1783683655,1126,1.26,55641137,1158390191320,89,1928862,1928773,4645264,50693,627697,500,500,86,49,481666,0,853141
1783683660,1131,1.16,55643779,1158393057368,122,1936369,1936247,4645264,50660,630121,500,500,86,49,481833,0,853275
1783683665,1136,1.06,55646471,1158395993784,119,1944041,1943922,4645264,50663,632612,500,500,86,49,482003,0,853409
1783683670,1141,1.06,55649220,1158399019232,44,1951884,1951840,4645264,50738,635184,500,500,86,49,482170,0,853541
1783683675,1146,0.97,55651955,1158401962208,167,1959683,1959516,4645264,50615,637701,500,500,86,49,482340,0,853669
1783683680,1151,0.97,55654755,1158405032120,69,1967679,1967610,4645264,50713,640306,500,500,86,49,482510,0,853803
1783683685,1156,1.30,55657492,1158408032760,39,1975486,1975447,4645264,50743,642851,500,500,86,49,482677,0,853938
1783683690,1161,1.27,55660225,1158410987744,72,1983266,1983194,4645264,50710,645366,500,500,86,49,482848,0,854072
1783683695,1166,1.25,55662969,1158413976360,39,1991094,1991055,4645264,50743,647919,500,500,86,49,483015,0,854204
1783683700,1171,1.15,55665714,1158416960096,107,1998931,1998824,4645264,50675,650442,500,500,86,49,483185,0,854337
1783683705,1176,1.14,55668421,1158419934176,24,2006645,2006618,4645264,50755,652972,500,500,86,49,483352,0,854463
1783683710,1181,1.69,55671145,1158422881072,95,2014416,2014321,4645264,50687,655473,500,500,86,49,483522,0,854598
1783683715,1186,1.55,55673917,1158425931096,71,2022328,2022257,4645264,50711,658051,500,500,86,49,483692,0,854733
1783683720,1191,1.51,55676755,1158429009056,98,2030423,2030325,4645264,50684,660673,500,500,86,49,483859,0,854866
1783683725,1196,2.67,55679483,1158431988432,113,2038197,2038084,4645264,50669,663223,500,500,86,49,484030,0,855001
1783683731,1202,2.46,55681442,1158434140520,0,2043762,2043762,4645264,50782,665032,500,500,86,49,484200,0,855104
